{"cameraMode":{"drawMode":0,"name":"Shaded","section":"Shading Mode"},"sceneLighting":true,"audioPlay":false,"sceneViewState":{"m_AlwaysRefresh":false,"showFog":true,"showSkybox":true,"showFlares":true,"showImageEffects":true,"showParticleSystems":true,"showVisualEffectGraphs":true,"m_FxEnabled":true},"in2DMode":false,"pivot":{"x":4.985827445983887,"y":-2.4183034896850588,"z":-3.7354440689086916},"rotation":{"x":-0.2230377495288849,"y":0.05611034482717514,"z":-0.012860549613833428,"w":-0.9731085896492004},"size":6.027132034301758,"orthographic":false}